ymd,bWendu,yWendu,tianqi,fengxiang,fengli,aqi,aqiInfo,aqiLevel
2017/1/1,5?-3?霾~?南风,1-2?450,严重污染,6,,,,
2017/1/2,7?-6?晴~?南风,1-2?246,重度污染,5,,,,
2017/1/3,5?-5??南风,1-2?320,严重污染,6,,,,
2017/1/4,6?-5??北风,1-2?360,严重污染,6,,,,
2017/1/5,2?-4??北风,1-2?280,重度污染,5,,,,
2017/1/6,4?-2??南风,1-2?234,重度污染,5,,,,
2017/1/7,2?-3?小雪,无持续风?微风,206,重度污染,5,,,
2017/1/8,5?-4?阴~?北风,1-2?59,?2,,,,,
2017/1/9,3?-5??南风,1-2?42,?1,,,,,
2017/1/10,4?-6??北风,3-4?46,?1,,,,,
2017/1/11,5?-5??南风,1-2?82,?2,,,,,
2017/1/12,5?-4??南风,1-2?61,?2,,,,,
2017/1/13,3?-6??北风,3-4?26,?1,,,,,
2017/1/14,3?-7??东南?1-2?35,?1,,,,,,
2017/1/15,1?-6??南风,1-2?71,?2,,,,,
2017/1/16,1?-5??南风,1-2?123,轻度污染,3,,,,
2017/1/17,4?-5?霾~?北风,1-2?175,中度污染,4,,,,
2017/1/18,2?-4?多云~小雪,南风,1-2?59,?2,,,,
2017/1/19,1?-8??北风,5-6?86,?2,,,,,
2017/1/20,1?-8?晴~多云,西南?1-2?35,?1,,,,,
2017/1/21,0?-8??东北?4-5?55,?2,,,,,,
2017/1/22,0?-10??南风,1-2?37,?1,,,,,
2017/1/23,1?-8?多云~?西南?1-2?46,?1,,,,,,
2017/1/24,4?-7?多云,南风,1-2?112,轻度污染,3,,,
2017/1/25,5?-4?晴~?西南?1-2?215,重度污染,5,,,,,
2017/1/26,8?-6?多云~?北风,4-5?216,重度污染,5,,,,
2017/1/27,5?-5?晴~多云,西南?3-4?69,?2,,,,,
2017/1/28,4?-4?多云,南风,1-2?354,严重污染,6,,,
2017/1/29,1?-8?多云~?北风,4-5?89,?2,,,,,
2017/1/30,1?-5?多云,南风,1-2?38,?1,,,,
2017/1/31,5?-4??南风,1-2?107,轻度污染,3,,,,
2017/2/1,4?-7??北风,3-4?45,?1,,,,,
2017/2/2,5?-5??南风,1-2?109,轻度污染,3,,,,
2017/2/3,6?-3?晴~多云,无持续风?微风,188,中度污染,4,,,
2017/2/4,9?-2??北风,1-2?303,严重污染,6,,,,
2017/2/5,8?-4??北风,1-2?28,?1,,,,,
2017/2/6,4?-5?多云~?南风,1-2?29,?1,,,,,
2017/2/7,1?-4?小雪~?南风,1-2?99,?2,,,,,
2017/2/8,4?-7?多云~?北风,4-5?64,?2,,,,,
2017/2/9,3?-5??北风,4-5?28,?1,,,,,
2017/2/10,4?-6??北风,4-5?30,?1,,,,,
2017/2/11,7?-5??南风,1-2?54,?2,,,,,
2017/2/12,9?-3??南风,1-2?138,轻度污染,3,,,,
2017/2/13,10?-4??南风,1-2?112,轻度污染,3,,,,
2017/2/14,8?-3??南风,1-2?221,重度污染,5,,,,
2017/2/15,8?1?多云~?南风,1-2?282,重度污染,5,,,,
2017/2/16,7?-4?多云,北风,4-5?154,中度污染,4,,,
2017/2/17,5?-4??南风,1-2?38,?1,,,,,
2017/2/18,8?-1?多云~?南风,1-2?109,轻度污染,3,,,,
2017/2/19,15?-2?多云~?北风,4-5?155,中度污染,4,,,,
2017/2/20,6?-2?多云~?北风,3-4?33,?1,,,,,
2017/2/21,1?-3?小雪,南风,1-2?82,?2,,,,
2017/2/22,9?-3?阴~?北风,3-4?109,轻度污染,3,,,,
2017/2/23,7?-4??南风,1-2?32,?1,,,,,
2017/2/24,12?-2??北风,1-2?45,?1,,,,,
2017/2/25,12?-1?多云,无持续风?微风,29,?1,,,,
2017/2/26,13?-2??无持续风?微风,44,?1,,,,,
2017/2/27,14?2??南风,1-2?90,?2,,,,,
2017/2/28,15?2?多云~?北风,1-2?37,?1,,,,,
2017/3/1,8?-3??北风,4-5?39,?1,,,,,
2017/3/2,13?-2??南风,3-4?59,?2,,,,,
2017/3/3,13?-2??无持续风?微风,114,轻度污染,3,,,,
2017/3/4,13?0?多云,南风,1-2?109,轻度污染,3,,,
2017/3/5,11?-2??北风,4-5?46,?1,,,,,
2017/3/6,9?-3?多云~?北风,4-5?42,?1,,,,,
2017/3/7,9?-1??北风,3-4?29,?1,,,,,
2017/3/8,13?2??北风,3-4?33,?1,,,,,
2017/3/9,15?2??南风,1-2?35,?1,,,,,
2017/3/10,16?4?多云~?南风,1-2?53,?2,,,,,
2017/3/11,20?4?阴~?南风,1-2?78,?2,,,,,
2017/3/12,13?1??北风,4-5?34,?1,,,,,
2017/3/13,14?2??南风,1-2?32,?1,,,,,
2017/3/14,15?3?晴~多云,南风,1-2?40,?1,,,,
2017/3/15,16?3?多云~?南风,1-2?86,?2,,,,,
2017/3/16,17?6?多云,南风,1-2?151,中度污染,4,,,
2017/3/17,17?5?阴~多云,南风,1-2?156,中度污染,4,,,
2017/3/18,20?5??北风,1-2?183,中度污染,4,,,,
2017/3/19,19?7?多云~?东南?1-2?273,重度污染,5,,,,,
2017/3/20,12?6?小雨~?东风,1-2?192,中度污染,4,,,,
2017/3/21,15?4?多云,南风,1-2?110,轻度污染,3,,,
2017/3/22,15?7?阴~小雨,东风,1-2?172,中度污染,4,,,
2017/3/23,8?2?小雨,东风,1-2?167,中度污染,4,,,
2017/3/24,6?0?雨夹雪~?南风,1-2?85,?2,,,,,
2017/3/25,13?4?多云,南风,1-2?55,?2,,,,
2017/3/26,15?4?多云~?北风,3-4?31,?1,,,,,
2017/3/27,15?5?晴~多云,南风,1-2?34,?1,,,,
2017/3/28,16?4?多云~?南风,1-2?80,?2,,,,,
2017/3/29,20?7?晴~多云,西南?1-2?146,轻度污染,3,,,,
2017/3/30,15?5?多云,南风,1-2?123,轻度污染,3,,,
2017/3/31,17?5??西南?1-2?44,?1,,,,,,
2017/4/1,22?5?多云,南风,1-2?60,?2,,,,
2017/4/2,23?6?多云~?无持续风?微风,92,?2,,,,,
2017/4/3,25?12?多云~?南风,1-2?158,中度污染,4,,,,
2017/4/4,20?12?阴~小雨,南风,3-4?176,中度污染,4,,,
2017/4/5,19?9?阴~多云,南风,1-2?83,?2,,,,
2017/4/6,25?10?多云~?南风,1-2?124,轻度污染,3,,,,
2017/4/7,20?14??南风,1-2?106,轻度污染,3,,,,
2017/4/8,18?7?阴~?南风,3-4?118,轻度污染,3,,,,
2017/4/9,19?8?多云,东南?1-2?93,?2,,,,,
2017/4/10,19?10?多云,南风,3-4?91,?2,,,,
2017/4/11,22?7??北风,3-4?64,?2,,,,,
2017/4/12,25?9?晴~多云,南风,1-2?66,?2,,,,
2017/4/13,21?8??南风,1-2?93,?2,,,,,
2017/4/14,26?11?多云,南风,1-2?97,?2,,,,
2017/4/15,29?14?晴~多云,南风,1-2?70,?2,,,,
2017/4/16,27?14??南风,3-4?130,轻度污染,3,,,,
2017/4/17,27?12?多云,北风,3-4?191,中度污染,4,,,
2017/4/18,23?11?晴~?北风,4-5?63,?2,,,,,
2017/4/19,20?11?阴~多云,西北?1-2?81,?2,,,,,
2017/4/20,22?11?多云,北风,1-2?75,?2,,,,
2017/4/21,22?9?多云~?南风,1-2?52,?2,,,,,
2017/4/22,27?13?多云,南风,3-4?83,?2,,,,
2017/4/23,24?11?多云,南风,1-2?60,?2,,,,
2017/4/24,23?11?多云,北风,3-4?69,?2,,,,
2017/4/25,19?8?多云~?南风,1-2?36,?1,,,,,
2017/4/26,24?11??北风,3-4?41,?1,,,,,
2017/4/27,28?13??北风,4-5?45,?1,,,,,
2017/4/28,30?14??北风,3-4?56,?2,,,,,
2017/4/29,33?17?多云,南风,3-4?76,?2,,,,
2017/4/30,29?13?晴~多云,南风,1-2?108,轻度污染,3,,,
2017/5/1,26?14?多云,南风,1-2?87,?2,,,,
2017/5/2,29?17?多云,南风,3-4?94,?2,,,,
2017/5/3,28?16??南风,3-4?108,轻度污染,3,,,,
2017/5/4,27?14?多云~?北风,3-4?396,严重污染,6,,,,
2017/5/5,21?11?扬沙~?北风,4-5?273,重度污染,5,,,,
2017/5/6,29?12??北风,3-4?72,?2,,,,,
2017/5/7,30?15?晴~多云,南风,3-4?62,?2,,,,
2017/5/8,31?16?多云,南风,3-4?86,?2,,,,
2017/5/9,29?15?晴~阵雨,南风,3-4?82,?2,,,,
2017/5/10,29?15??南风,3-4?63,?2,,,,,
2017/5/11,31?13?晴~多云,北风,5-6?90,?2,,,,
2017/5/12,29?15?晴~多云,西南?3-4?111,轻度污染,3,,,,
2017/5/13,28?15?多云,西北?4-5?59,?2,,,,,
2017/5/14,27?14?多云,北风,3-4?41,?1,,,,
2017/5/15,28?15?多云,南风,1-2?49,?1,,,,
2017/5/16,32?17?多云~?南风,3-4?76,?2,,,,,
2017/5/17,34?19??南风,1-2?102,轻度污染,3,,,,
2017/5/18,35?21??南风,3-4?123,轻度污染,3,,,,
2017/5/19,36?22??西南?3-4?129,轻度污染,3,,,,,
2017/5/20,34?20?晴~多云,南风,3-4?102,轻度污染,3,,,
2017/5/21,31?18?阴~阵雨,南风,3-4?86,?2,,,,
2017/5/22,21?16?小到中雨~?北风,3-4?57,?2,,,,,
2017/5/23,28?14??南风,1-2?40,?1,,,,,
2017/5/24,33?17?多云~?西南?3-4?50,?1,,,,,,
2017/5/25,30?16??南风,3-4?66,?2,,,,,
2017/5/26,31?17??南风,1-2?80,?2,,,,,
2017/5/27,34?21??南风,1-2?98,?2,,,,,
2017/5/28,36?22?多云~?北风,3-4?136,轻度污染,3,,,,
2017/5/29,27?18?阴~阵雨,东风,1-2?70,?2,,,,
2017/5/30,26?16?阵雨~?南风,3-4?65,?2,,,,,
2017/5/31,33?19?阴~多云,南风,1-2?106,轻度污染,3,,,
2017/6/1,30?17?晴~?南风,1-2?63,?2,,,,,
2017/6/2,25?13?阵雨~多云,东风,1-2?58,?2,,,,
2017/6/3,28?16??南风,1-2?54,?2,,,,,
2017/6/4,31?19?多云,西南?3-4?83,?2,,,,,
2017/6/5,28?15?阴~小雨,西南?3-4?98,?2,,,,,
2017/6/6,20?14?小雨~?南风,1-2?56,?2,,,,,
2017/6/7,31?18?晴~多云,南风,1-2?72,?2,,,,
2017/6/8,34?20?多云~?南风,1-2?51,?2,,,,,
2017/6/9,37?21?晴~多云,南风,3-4?78,?2,,,,
2017/6/10,30?17?阴~多云,东风,1-2?62,?2,,,,
2017/6/11,31?18?阴~多云,南风,1-2?72,?2,,,,
2017/6/12,27?18??南风,1-2?66,?2,,,,,
2017/6/13,29?17?多云~?南风,1-2?62,?2,,,,,
2017/6/14,35?21??西南?3-4?69,?2,,,,,,
2017/6/15,38?24??南风,1-2?82,?2,,,,,
2017/6/16,36?24?多云~?南风,3-4?100,?2,,,,,
2017/6/17,35?25?阵雨~多云,南风,3-4?118,轻度污染,3,,,
2017/6/18,34?23?阴~雷阵?南风,3-4?114,轻度污染,3,,,,
2017/6/19,31?21?雷阵雨~?南风,1-2?74,?2,,,,,
2017/6/20,34?22?多云~?南风,1-2?77,?2,,,,,
2017/6/21,32?22?阵雨~小到中雨,南风,1-2?85,?2,,,,
2017/6/22,23?20?大雨,南风,3-4?48,?1,,,,
2017/6/23,24?19?雷阵?东风,1-2?36,?1,,,,,
2017/6/24,25?18?阵雨~?北风,3-4?35,?1,,,,,
2017/6/25,30?20?多云,南风,1-2?54,?2,,,,
2017/6/26,33?21?多云~?南风,1-2?56,?2,,,,,
2017/6/27,34?22?多云~?南风,1-2?112,轻度污染,3,,,,
2017/6/28,34?23?多云,南风,1-2?120,轻度污染,3,,,
2017/6/29,35?24?雷阵雨~多云,南风,1-2?103,轻度污染,3,,,
2017/6/30,35?25?多云,南风,1-2?108,轻度污染,3,,,
2017/7/1,35?25?多云,南风,1-2?122,轻度污染,3,,,
2017/7/2,35?24?多云~?南风,1-2?139,轻度污染,3,,,,
2017/7/3,35?24?多云~雷阵?南风,1-2?83,?2,,,,,
2017/7/4,31?23?雷阵?南风,1-2?70,?2,,,,,
2017/7/5,30?23?多云~雷阵?南风,1-2?111,轻度污染,3,,,,
2017/7/6,25?23?大雨,东风,1-2?95,?2,,,,
2017/7/7,32?23?阴~多云,南风,1-2?54,?2,,,,
2017/7/8,34?25?多云~雷阵?南风,1-2?64,?2,,,,,
2017/7/9,34?23?多云,南风,1-2?114,轻度污染,3,,,
2017/7/10,36?19?多云,西南?1-2?64,?2,,,,,
2017/7/11,36?26?多云,南风,1-2?95,?2,,,,
2017/7/12,36?27?多云,南风,1-2?118,轻度污染,3,,,
2017/7/13,36?25?多云~雷阵?南风,1-2?94,?2,,,,,
2017/7/14,32?24?雷阵雨~?东风,1-2?60,?2,,,,,
2017/7/15,33?25??东风,1-2?55,?2,,,,,
2017/7/16,34?25?多云~?南风,1-2?95,?2,,,,,
2017/7/17,34?25?晴~多云,南风,1-2?76,?2,,,,
2017/7/18,33?25?阵雨,南风,1-2?88,?2,,,,
2017/7/19,31?25?阴~多云,南风,1-2?98,?2,,,,
2017/7/20,33?25?雷阵雨~中到大雨,南风,1-2?123,轻度污染,3,,,
2017/7/21,27?23?小雨~阵雨,东风,1-2?44,?1,,,,
2017/7/22,28?24??南风,1-2?37,?1,,,,,
2017/7/23,28?24?阵雨,南风,1-2?59,?2,,,,
2017/7/24,29?23?阵雨,北风,1-2?63,?2,,,,
2017/7/25,29?22?阵雨~?南风,1-2?52,?2,,,,,
2017/7/26,24?20?中雨~阵雨,北风,1-2?39,?1,,,,
2017/7/27,28?23?阴~多云,南风,1-2?58,?2,,,,
2017/7/28,30?22?多云~?南风,1-2?52,?2,,,,,
2017/7/29,30?22?多云,南风,1-2?56,?2,,,,
2017/7/30,31?21?多云~?南风,1-2?70,?2,,,,,
2017/7/31,31?23?晴~多云,南风,1-2?110,轻度污染,3,,,
2017/8/1,30?24?阴~雷阵?南风,1-2?94,?2,,,,,
2017/8/2,28?24?中雨~小到中雨,东风,1-2?52,?2,,,,
2017/8/3,33?24?阴~?南风,1-2?38,?1,,,,,
2017/8/4,36?25?晴~多云,南风,1-2?55,?2,,,,
2017/8/5,32?23?雷阵?北风,1-2?63,?2,,,,,
2017/8/6,34?24?多云~?南风,1-2?42,?1,,,,,
2017/8/7,35?24?多云~?南风,1-2?40,?1,,,,,
2017/8/8,33?22?阴~雷阵?东风,1-2?74,?2,,,,,
2017/8/9,30?23?雷阵雨~?南风,1-2?44,?1,,,,,
2017/8/10,32?24?多云,南风,1-2?85,?2,,,,
2017/8/11,33?23?雷阵雨~中雨,东北?3-4?122,轻度污染,3,,,,
2017/8/12,31?22?雷阵?东风,1-2?45,?1,,,,,
2017/8/13,29?23?雷阵?南风,1-2?60,?2,,,,,
2017/8/14,30?23?多云,东南?1-2?46,?1,,,,,
2017/8/15,30?23?阴~雷阵?西南?1-2?74,?2,,,,,,
2017/8/16,28?22?雷阵雨~?东风,1-2?82,?2,,,,,
2017/8/17,29?22??东北?1-2?44,?1,,,,,,
2017/8/18,29?22?多云~雷阵?东南?1-2?73,?2,,,,,,
2017/8/19,29?22?雷阵雨~多云,东风,1-2?62,?2,,,,
2017/8/20,30?23?多云,西南?1-2?82,?2,,,,,
2017/8/21,32?24?多云~雷阵?南风,1-2?98,?2,,,,,
2017/8/22,28?22?雷阵雨~中到大雨,北风,1-2?99,?2,,,,
2017/8/23,31?22?阴~多云,东北?1-2?49,?1,,,,,
2017/8/24,33?20?晴~多云,北风,1-2?37,?1,,,,
2017/8/25,32?19??西风,1-2?36,?1,,,,,
2017/8/26,28?19?晴~阵雨,西南?1-2?49,?1,,,,,
2017/8/27,22?18?中雨~阵雨,北风,1-2?33,?1,,,,
2017/8/28,28?17?多云~?东北?1-2?35,?1,,,,,,
2017/8/29,25?16??西南?1-2?42,?1,,,,,,
2017/8/30,27?19?多云,西南?1-2?76,?2,,,,,
2017/8/31,27?19??南风,1-2?103,轻度污染,3,,,,
2017/9/1,27?19?多云~?西南?1-2?175,中度污染,4,,,,,
2017/9/2,26?19??南风,1-2?151,中度污染,4,,,,
2017/9/3,28?19?多云,南风,1-2?76,?2,,,,
2017/9/4,28?20??西南?1-2?118,轻度污染,3,,,,,
2017/9/5,30?19?阴~多云,北风,1-2?67,?2,,,,
2017/9/6,31?18??北风,1-2?43,?1,,,,,
2017/9/7,31?19??南风,1-2?79,?2,,,,,
2017/9/8,30?20?多云,东风,1-2?137,轻度污染,3,,,
2017/9/9,30?21??东南?1-2?127,轻度污染,3,,,,,
2017/9/10,28?19?阵雨~?西北?1-2?121,轻度污染,3,,,,,
2017/9/11,29?16??北风,1-2?43,?1,,,,,
2017/9/12,29?19?晴~多云,南风,1-2?49,?1,,,,
2017/9/13,28?19?多云,东风,1-2?100,?2,,,,
2017/9/14,28?20??南风,1-2?125,轻度污染,3,,,,
2017/9/15,28?18??南风,1-2?86,?2,,,,,
2017/9/16,28?18?阵雨~多云,西南?1-2?117,轻度污染,3,,,,
2017/9/17,29?16??南风,1-2?39,?1,,,,,
2017/9/18,30?18??西南?1-2?58,?2,,,,,,
2017/9/19,29?15?晴~多云,西北?3-4?46,?1,,,,,
2017/9/20,27?14??南风,1-2?46,?1,,,,,
2017/9/21,29?17?阵雨,西南?1-2?88,?2,,,,,
2017/9/22,28?14??西北?3-4?69,?2,,,,,,
2017/9/23,28?17?多云~?南风,1-2?116,轻度污染,3,,,,
2017/9/24,29?18?多云~阵雨,东北?1-2?104,轻度污染,3,,,,
2017/9/25,28?18??西南?1-2?107,轻度污染,3,,,,,
2017/9/26,23?13?小雨~?北风,3-4?77,?2,,,,,
2017/9/27,23?10?多云~?南风,1-2?51,?2,,,,,
2017/9/28,22?11?晴~多云,西南?1-2?34,?1,,,,,
2017/9/29,25?11??北风,1-2?71,?2,,,,,
2017/9/30,27?16?多云,南风,1-2?139,轻度污染,3,,,
2017/10/1,26?13?多云~?北风,3-4?116,轻度污染,3,,,,
2017/10/2,18?9?小雨~?东北?1-2?40,?1,,,,,,
2017/10/3,20?9?多云~?西南?1-2?33,?1,,,,,,
2017/10/4,22?10??西南?3-4?53,?2,,,,,,
2017/10/5,21?11?多云,南风,1-2?75,?2,,,,
2017/10/6,22?13?多云~?南风,1-2?92,?2,,,,,
2017/10/7,20?13?小雨~?东北?1-2?143,轻度污染,3,,,,,
2017/10/8,18?13?小雨,东北?1-2?172,中度污染,4,,,,
2017/10/9,15?9?中雨~小到中雨,北风,3-4?49,?1,,,,
2017/10/10,11?6?小雨~?北风,1-2?15,?1,,,,,
2017/10/11,16?6?多云~?西风,1-2?22,?1,,,,,
2017/10/12,18?9?小雨~?西南?1-2?35,?1,,,,,,
2017/10/13,18?9?晴~多云,西南?1-2?55,?2,,,,,
2017/10/14,13?9?小雨,东北?1-2?36,?1,,,,,
2017/10/15,16?8?阴~多云,北风,1-2?63,?2,,,,
2017/10/16,18?7?晴~多云,东北?1-2?57,?2,,,,,
2017/10/17,16?11?阴~小雨,南风,1-2?93,?2,,,,
2017/10/18,15?9?小雨~多云,南风,1-2?91,?2,,,,
2017/10/19,18?9?晴~多云,南风,1-2?75,?2,,,,
2017/10/20,20?11?晴~多云,东北?1-2?123,轻度污染,3,,,,
2017/10/21,18?10?阴~小雨,东风,1-2?107,轻度污染,3,,,
2017/10/22,13?7?阴~多云,西北?1-2?54,?2,,,,,
2017/10/23,16?5?多云~?南风,1-2?51,?2,,,,,
2017/10/24,18?8?晴~多云,西南?1-2?88,?2,,,,,
2017/10/25,15?9??南风,1-2?140,轻度污染,3,,,,
2017/10/26,17?9?阴~多云,北风,1-2?193,中度污染,4,,,
2017/10/27,18?9?多云~?南风,1-2?211,重度污染,5,,,,
2017/10/28,16?5?多云~?北风,3-4?85,?2,,,,,
2017/10/29,12?1??北风,3-4?24,?1,,,,,
2017/10/30,14?2??西北?1-2?39,?1,,,,,,
2017/10/31,16?4??西南?1-2?80,?2,,,,,,
2017/11/1,17?5?晴~?东北?1-2?92,?2,,,,,,
2017/11/2,17?3?阴~?北风,1-2?79,?2,,,,,
2017/11/3,13?0??北风,3-4?29,?1,,,,,
2017/11/4,14?3??西南?1-2?53,?2,,,,,,
2017/11/5,15?4?晴~多云,南风,1-2?128,轻度污染,3,,,
2017/11/6,15?4?多云,南风,1-2?198,中度污染,4,,,
2017/11/7,18?4??西北?3-4?137,轻度污染,3,,,,,
2017/11/8,13?4?多云~?南风,1-2?40,?1,,,,,
2017/11/9,13?5?阴~多云,西北?1-2?74,?2,,,,,
2017/11/10,11?-1??西北?5-6?42,?1,,,,,,
2017/11/11,10?0?晴~多云,南风,1-2?33,?1,,,,
2017/11/12,11?0?多云~?西南?1-2?75,?2,,,,,,
2017/11/13,12?0??北风,4-5?67,?2,,,,,
2017/11/14,8?-4??西风,1-2?27,?1,,,,,
2017/11/15,7?-3??南风,1-2?37,?1,,,,,
2017/11/16,7?-1??南风,1-2?76,?2,,,,,
2017/11/17,6?-4?多云~?北风,5-6?60,?2,,,,,
2017/11/18,5?-6??西南?3-4?50,?1,,,,,,
2017/11/19,7?-5?多云,西南?1-2?115,轻度污染,3,,,,
2017/11/20,9?-3?晴~多云,西北?1-2?135,轻度污染,3,,,,
2017/11/21,8?-2?多云~?西南?3-4?171,中度污染,4,,,,,
2017/11/22,7?-5?多云~?西北?3-4?36,?1,,,,,,
2017/11/23,7?-4?多云,西风,1-2?30,?1,,,,
2017/11/24,7?-5?多云,西南?3-4?37,?1,,,,,
2017/11/25,7?-4?阴~多云,南风,1-2?65,?2,,,,
2017/11/26,4?-4??东南?1-2?29,?1,,,,,,
2017/11/27,7?-3?多云,南风,1-2?90,?2,,,,
2017/11/28,7?-5?晴~多云,西北?1-2?78,?2,,,,,
2017/11/29,1?-6?多云,南风,1-2?32,?1,,,,
2017/11/30,4?-5??西南?3-4?43,?1,,,,,,
2017/12/1,5?-5??西南?1-2?91,?2,,,,,,
2017/12/2,6?-4?晴~多云,西南?1-2?184,中度污染,4,,,,
2017/12/3,5?-5?多云~?北风,3-4?88,?2,,,,,
2017/12/4,4?-6?多云,西北?3-4?26,?1,,,,,
2017/12/5,7?-4??西南?1-2?43,?1,,,,,,
2017/12/6,8?-4?多云,西北?1-2?51,?2,,,,,
2017/12/7,5?-5?多云~?西北?3-4?27,?1,,,,,,
2017/12/8,6?-4??西南?1-2?40,?1,,,,,,
2017/12/9,6?-4?多云~?西南?1-2?57,?2,,,,,,
2017/12/10,4?-5?晴~多云,西北?4-5?43,?1,,,,,
2017/12/11,1?-8?多云~?东北?3-4?24,?1,,,,,,
2017/12/12,-1?-8?多云,东北?1-2?26,?1,,,,,
2017/12/13,0?-5?晴~多云,东风,1-2?50,?1,,,,
2017/12/14,0?-4?阴~多云,南风,1-2?91,?2,,,,
2017/12/15,4?-6?多云~?无持续风?微风,67,?2,,,,,
2017/12/16,0?-8??西北?3-4?39,?1,,,,,,
2017/12/17,5?-5??西南?1-2?47,?1,,,,,,
2017/12/18,6?-6??西北?3-4?49,?1,,,,,,
2017/12/19,4?-4?多云~?西南?1-2?55,?2,,,,,,
2017/12/20,6?-5?多云~?北风,1-2?45,?1,,,,,
2017/12/21,7?-6??西南?1-2?69,?2,,,,,,
2017/12/22,9?-6?多云,北风,1-2?68,?2,,,,
2017/12/23,6?-3?晴~多云,西南?1-2?51,?2,,,,,
2017/12/24,5?-7??西北?3-4?50,?1,,,,,,
2017/12/25,5?-4??南风,1-2?44,?1,,,,,
2017/12/26,3?-6?晴~多云,南风,1-2?42,?1,,,,
2017/12/27,4?-5?多云~?北风,1-2?98,?2,,,,,
2017/12/28,5?-4??北风,1-2?138,轻度污染,3,,,,
2017/12/29,4?-3?多云,东风,1-2?215,重度污染,5,,,
2017/12/30,6?-6??北风,3-4?162,中度污染,4,,,,
2017/12/31,4?-6??南风,1-2?54,?2,,,,,
2018/1/1,3?-6?晴~多云,东北?1-2?59,?2,,,,,
2018/1/2,2?-5?阴~多云,东北?1-2?49,?1,,,,,
2018/1/3,2?-5?多云,北风,1-2?28,?1,,,,
2018/1/4,0?-8??东北?1-2?28,?1,,,,,,
2018/1/5,3?-6?多云~?西北?1-2?50,?1,,,,,,
2018/1/6,2?-5?多云~?西南?1-2?32,?1,,,,,,
2018/1/7,2?-4?阴~多云,西南?1-2?59,?2,,,,,
2018/1/8,2?-6??西北?4-5?50,?1,,,,,,
2018/1/9,1?-8??西北?3-4?34,?1,,,,,,
2018/1/10,-2?-10??西北?1-2?26,?1,,,,,,
2018/1/11,-1?-10??北风,1-2?24,?1,,,,,
2018/1/12,2?-8??西南?1-2?75,?2,,,,,,
2018/1/13,3?-7?多云,南风,1-2?126,轻度污染,3,,,
2018/1/14,6?-5?晴~多云,西北?1-2?187,中度污染,4,,,,
2018/1/15,2?-5??东南?1-2?47,?1,,,,,,
2018/1/16,4?-5?多云,南风,1-2?112,轻度污染,3,,,
2018/1/17,6?-7?多云~?西北?1-2?82,?2,,,,,,
2018/1/18,5?-6??西南?1-2?80,?2,,,,,,
2018/1/19,7?-4??南风,1-2?115,轻度污染,3,,,,
2018/1/20,3?-6?晴~多云,东风,1-2?64,?2,,,,
2018/1/21,0?-5?阴~小雪,东北?1-2?63,?2,,,,,
2018/1/22,-3?-10?小雪~多云,东风,1-2?47,?1,,,,
2018/1/23,-4?-12??西北?3-4?31,?1,,,,,,
2018/1/24,-4?-11??西南?1-2?34,?1,,,,,,
2018/1/25,-3?-11?多云,东北?1-2?27,?1,,,,,
2018/1/26,-3?-10?晴~多云,南风,1-2?39,?1,,,,
2018/1/27,-1?-9?多云,南风,1-2?105,轻度污染,3,,,
2018/1/28,-1?-9??西北?3-4?55,?2,,,,,,
2018/1/29,1?-8??西北?1-2?57,?2,,,,,,
2018/1/30,4?-7??西北?1-2?36,?1,,,,,,
2018/1/31,3?-8??西南?1-2?60,?2,,,,,,
2018/2/1,4?-7?多云,北风,1-2?68,?2,,,,
2018/2/2,-1?-9??北风,3-4?32,?1,,,,,
2018/2/3,0?-9?多云,北风,1-2?24,?1,,,,
2018/2/4,1?-8??西南?1-2?36,?1,,,,,,
2018/2/5,0?-10??北风,3-4?24,?1,,,,,
2018/2/6,3?-7?多云~?西南?1-2?56,?2,,,,,,
2018/2/7,2?-10?多云~?北风,4-5?63,?2,,,,,
2018/2/8,3?-7?多云,南风,3-4?67,?2,,,,
2018/2/9,4?-9?多云,西北?4-5?93,?2,,,,,
2018/2/10,1?-9??西北?3-4?39,?1,,,,,,
2018/2/11,0?-9??西北?4-5?62,?2,,,,,,
2018/2/12,5?-7??西北?1-2?53,?2,,,,,,
2018/2/13,8?-4?晴~多云,西风,1-2?78,?2,,,,
2018/2/14,6?-6?多云,北风,1-2?42,?1,,,,
2018/2/15,5?-5?多云,西南?1-2?48,?1,,,,,
2018/2/16,8?-5?晴~多云,西南?1-2?118,轻度污染,3,,,,
2018/2/17,5?-4?多云~?南风,1-2?103,轻度污染,3,,,,
2018/2/18,8?-3?多云,南风,1-2?148,轻度污染,3,,,
2018/2/19,6?-3?多云,南风,1-2?183,中度污染,4,,,
2018/2/20,5?-5??北风,1-2?76,?2,,,,,
2018/2/21,8?-4??南风,1-2?53,?2,,,,,
2018/2/22,9?-4?多云,西南?1-2?42,?1,,,,,
2018/2/23,10?-4?多云,东北?1-2?45,?1,,,,,
2018/2/24,3?-6?多云~?南风,1-2?66,?2,,,,,
2018/2/25,6?-4?多云,西南?1-2?73,?2,,,,,
2018/2/26,12?-1?晴~多云,西南?1-2?157,中度污染,4,,,,
2018/2/27,7?0??东风,1-2?220,重度污染,5,,,,
2018/2/28,9?-2?多云~?西南?3-4?139,轻度污染,3,,,,,
2018/3/1,8?-3?多云,西南?1-2?46,?1,,,,,
2018/3/2,9?-1?晴~多云,北风,1-2?95,?2,,,,
2018/3/3,13?3?多云~?北风,1-2?214,重度污染,5,,,,
2018/3/4,7?-2?阴~多云,东南?1-2?144,轻度污染,3,,,,
2018/3/5,8?-3??南风,1-2?94,?2,,,,,
2018/3/6,6?-3?多云~?东南?3-4?67,?2,,,,,,
2018/3/7,6?-2?阴~多云,北风,1-2?65,?2,,,,
2018/3/8,8?-4??东北?1-2?62,?2,,,,,,
2018/3/9,10?-2?多云,西南?1-2?132,轻度污染,3,,,,
2018/3/10,14?-2??东南?1-2?171,中度污染,4,,,,,
2018/3/11,11?0?多云,南风,1-2?81,?2,,,,
2018/3/12,15?3?多云~?南风,1-2?174,中度污染,4,,,,
2018/3/13,17?5?晴~多云,南风,1-2?287,重度污染,5,,,
2018/3/14,15?6?多云~?东北?1-2?293,重度污染,5,,,,,
2018/3/15,12?-1?多云~?东北?3-4?70,?2,,,,,,
2018/3/16,10?-1?多云,南风,1-2?58,?2,,,,
2018/3/17,4?0?小雨~?南风,1-2?81,?2,,,,,
2018/3/18,13?1?多云~?西南?1-2?134,轻度污染,3,,,,,
2018/3/19,13?2?多云,东风,1-2?107,轻度污染,3,,,
2018/3/20,10?-2?多云,南风,1-2?41,?1,,,,
2018/3/21,11?1?多云,西南?1-2?76,?2,,,,,
2018/3/22,17?4?晴~多云,西南?1-2?112,轻度污染,3,,,,
2018/3/23,18?5?多云,北风,1-2?146,轻度污染,3,,,
2018/3/24,22?5??西南?1-2?119,轻度污染,3,,,,,
2018/3/25,24?7??南风,1-2?78,?2,,,,,
2018/3/26,25?7?多云,西南?1-2?151,中度污染,4,,,,
2018/3/27,27?11??南风,1-2?243,重度污染,5,,,,
2018/3/28,25?9?多云~?东风,1-2?387,严重污染,6,,,,
2018/3/29,19?7??南风,1-2?119,轻度污染,3,,,,
2018/3/30,18?8?多云,南风,1-2?68,?2,,,,
2018/3/31,23?9?多云~?南风,1-2?125,轻度污染,3,,,,
2018/4/1,25?11?晴~多云,南风,1-2?218,重度污染,5,,,
2018/4/2,26?11?多云,北风,1-2?287,重度污染,5,,,
2018/4/3,14?6?多云~?东北?3-4?80,?2,,,,,,
2018/4/4,10?1?小雨~雨夹?东北?1-2?35,?1,,,,,,
2018/4/5,10?3?多云,西南?1-2?73,?2,,,,,
2018/4/6,11?4?多云~?北风,4-5?86,?2,,,,,
2018/4/7,12?2?多云~?西北?3-4?42,?1,,,,,,
2018/4/8,18?5??西南?1-2?68,?2,,,,,,
2018/4/9,20?7?晴~多云,南风,1-2?111,轻度污染,3,,,
2018/4/10,24?8?多云~?西北?4-5?101,轻度污染,3,,,,,
2018/4/11,23?9??西南?3-4?48,?1,,,,,,
2018/4/12,22?7?多云~小雨,东南?1-2?79,?2,,,,,
2018/4/13,11?6?小雨~多云,东南?1-2?64,?2,,,,,
2018/4/14,19?5?多云~?北风,4-5?122,轻度污染,3,,,,
2018/4/15,21?8??西南?1-2?72,?2,,,,,,
2018/4/16,23?12?晴~多云,南风,1-2?103,轻度污染,3,,,
2018/4/17,25?12?多云~?南风,1-2?145,轻度污染,3,,,,
2018/4/18,27?14?多云~?西南?3-4?147,轻度污染,3,,,,,
2018/4/19,26?13?多云,东南?4-5?170,中度污染,4,,,,
2018/4/20,28?14?多云~小雨,南风,4-5?164,中度污染,4,,,
2018/4/21,16?12?大雨~小雨,东北?3-4?105,轻度污染,3,,,,
2018/4/22,16?12?阴~多云,东北?3-4?27,?1,,,,,
2018/4/23,19?9?多云,东北?3-4?34,?1,,,,,
2018/4/24,23?10??北风,3-4?41,?1,,,,,
2018/4/25,25?11??西南?3-4?55,?2,,,,,,
2018/4/26,26?12?多云~?西北?1-2?117,轻度污染,3,,,,,
2018/4/27,25?13??西南?3-4?112,轻度污染,3,,,,,
2018/4/28,27?17??西南?3-4?125,轻度污染,3,,,,,
2018/4/29,30?16?多云,南风,3-4?193,中度污染,4,,,
2018/4/30,24?14?多云,南风,3-4?62,?2,,,,
2018/5/1,25?13??东北?3-4?121,轻度污染,3,,,,,
2018/5/2,25?13?多云~?北风,3-4?44,?1,,,,,
2018/5/3,24?12??北风,1-2?48,?1,,,,,
2018/5/4,27?16?晴~多云,西南?1-2?86,?2,,,,,
2018/5/5,25?13?多云,北风,3-4?177,中度污染,4,,,
2018/5/6,28?14??西南?1-2?126,轻度污染,3,,,,,
2018/5/7,28?13??南风,3-4?100,?2,,,,,
2018/5/8,27?13??东南?3-4?64,?2,,,,,,
2018/5/9,29?17?晴~多云,西南?3-4?79,?2,,,,,
2018/5/10,26?18?多云,南风,3-4?118,轻度污染,3,,,
2018/5/11,24?15?阴~多云,东风,1-2?106,轻度污染,3,,,
2018/5/12,28?16?小雨,东南?3-4?186,中度污染,4,,,,
2018/5/13,30?17??南风,1-2?68,?2,,,,,
2018/5/14,34?22?晴~多云,南风,3-4?158,中度污染,4,,,
2018/5/15,31?22?小雨,南风,1-2?93,?2,,,,
2018/5/16,29?21?多云~小雨,东风,1-2?142,轻度污染,3,,,
2018/5/17,25?19?小雨~多云,北风,1-2?70,?2,,,,
2018/5/18,28?16?多云~?南风,1-2?49,?1,,,,,
2018/5/19,27?16?多云~小雨,南风,1-2?69,?2,,,,
2018/5/20,21?16?阴~小雨,东风,1-2?54,?2,,,,
2018/5/21,18?14?小雨,东南?1-2?84,?2,,,,,
2018/5/22,25?10?多云~?西风,4-5?103,轻度污染,3,,,,
2018/5/23,29?15??西南?3-4?153,中度污染,4,,,,,
2018/5/24,31?17??南风,3-4?99,?2,,,,,
2018/5/25,31?19?多云,西南?1-2?98,?2,,,,,
2018/5/26,30?17?小雨~多云,西南?3-4?143,轻度污染,3,,,,
2018/5/27,32?17?多云,西南?3-4?89,?2,,,,,
2018/5/28,30?16??西北?4-5?178,中度污染,4,,,,,
2018/5/29,31?16?多云,西北?1-2?41,?1,,,,,
2018/5/30,33?18??西风,1-2?46,?1,,,,,
2018/5/31,35?19??南风,1-2?79,?2,,,,,
2018/6/1,36?21??西南?3-4?72,?2,,,,,,
2018/6/2,35?21?多云,南风,3-4?98,?2,,,,
2018/6/3,32?19?多云,北风,1-2?92,?2,,,,
2018/6/4,35?20??西南?3-4?69,?2,,,,,,
2018/6/5,38?25?多云,西南?4-5?94,?2,,,,,
2018/6/6,36?25?多云,东风,1-2?102,轻度污染,3,,,
2018/6/7,33?22?多云,西南?1-2?60,?2,,,,,
2018/6/8,32?19?多云~雷阵?西南?1-2?43,?1,,,,,,
2018/6/9,23?17?小雨,北风,1-2?45,?1,,,,
2018/6/10,27?17?多云,东南?1-2?51,?2,,,,,
2018/6/11,29?19?多云,西南?3-4?85,?2,,,,,
2018/6/12,32?19?多云~雷阵?东南?1-2?116,轻度污染,3,,,,,
2018/6/13,28?19?雷阵雨~多云,东北?1-2?73,?2,,,,,
2018/6/14,31?20?多云,南风,1-2?54,?2,,,,
2018/6/15,32?20?多云,东南?3-4?117,轻度污染,3,,,,
2018/6/16,31?21?多云~雷阵?南风,1-2?103,轻度污染,3,,,,
2018/6/17,31?22?阴~雷阵?南风,1-2?71,?2,,,,,
2018/6/18,30?21?雷阵?西南?1-2?112,轻度污染,3,,,,,
2018/6/19,32?20?多云~?东北?1-2?81,?2,,,,,,
2018/6/20,35?21??南风,1-2?71,?2,,,,,
2018/6/21,35?24?多云,南风,1-2?73,?2,,,,
2018/6/22,30?21?雷阵雨~多云,东南?1-2?83,?2,,,,,
2018/6/23,35?24?多云~?南风,1-2?104,轻度污染,3,,,,
2018/6/24,36?25?多云,南风,3-4?98,?2,,,,
2018/6/25,34?24?雷阵?南风,1-2?101,轻度污染,3,,,,
2018/6/26,36?25??西南?3-4?174,中度污染,4,,,,,
2018/6/27,37?25?多云,东北?3-4?54,?2,,,,,
2018/6/28,35?24?多云~?北风,1-2?33,?1,,,,,
2018/6/29,37?25??南风,1-2?59,?2,,,,,
2018/6/30,37?23?雷阵雨~多云,东南?3-4?81,?2,,,,,
2018/7/1,35?23??东南?1-2?68,?2,,,,,,
2018/7/2,32?23?多云~雷阵?东南?3-4?66,?2,,,,,,
2018/7/3,32?24?雷阵雨~多云,东南?1-2?76,?2,,,,,
2018/7/4,35?26?多云,西南?1-2?96,?2,,,,,
2018/7/5,37?24?多云~雷阵?东南?1-2?104,轻度污染,3,,,,,
2018/7/6,33?23?多云~雷阵?东南?3-4?71,?2,,,,,,
2018/7/7,31?23?雷阵?东南?1-2?72,?2,,,,,,
2018/7/8,30?23?雷阵?南风,1-2?73,?2,,,,,
2018/7/9,30?22?雷阵雨~多云,东南?1-2?106,轻度污染,3,,,,
2018/7/10,30?22?多云~雷阵?南风,1-2?48,?1,,,,,
2018/7/11,25?22?雷阵雨~大雨,东北?1-2?44,?1,,,,,
2018/7/12,27?22?多云,南风,1-2?46,?1,,,,
2018/7/13,28?23?雷阵?东风,1-2?60,?2,,,,,
2018/7/14,31?24?雷阵雨~多云,东南?1-2?73,?2,,,,,
2018/7/15,32?25?雷阵?南风,1-2?87,?2,,,,,
2018/7/16,31?24?中雨~雷阵?南风,1-2?43,?1,,,,,
2018/7/17,27?23?中雨~雷阵?西风,1-2?28,?1,,,,,
2018/7/18,33?25?多云,南风,1-2?99,?2,,,,
2018/7/19,33?27?多云~雷阵?南风,1-2?91,?2,,,,,
2018/7/20,33?27?多云,西南?3-4?116,轻度污染,3,,,,
2018/7/21,34?26?多云~雷阵?南风,3-4?96,?2,,,,,
2018/7/22,34?25?多云,东南?1-2?66,?2,,,,,
2018/7/23,32?25?小雨~大雨,东风,1-2?75,?2,,,,
2018/7/24,28?26?暴雨~雷阵?东北?3-4?29,?1,,,,,,
2018/7/25,32?25?多云,北风,1-2?28,?1,,,,
2018/7/26,33?25?多云~雷阵?东北?1-2?40,?1,,,,,,
2018/7/27,32?23?多云,东北?1-2?65,?2,,,,,
2018/7/28,33?24?多云~?东南?1-2?83,?2,,,,,,
2018/7/29,33?25?多云,东南?1-2?101,轻度污染,3,,,,
2018/7/30,34?25??东南?1-2?104,轻度污染,3,,,,,
2018/7/31,35?26??南风,1-2?99,?2,,,,,
2018/8/1,35?27?多云~雷阵?东南?1-2?91,?2,,,,,,
2018/8/2,36?26?多云~?南风,1-2?118,轻度污染,3,,,,
2018/8/3,36?26??南风,1-2?86,?2,,,,,
2018/8/4,36?27?晴~多云,南风,1-2?96,?2,,,,
2018/8/5,35?25?雷阵雨~中雨,东风,1-2?61,?2,,,,
2018/8/6,30?25?小雨~雷阵?东风,1-2?52,?2,,,,,
2018/8/7,29?24?雷阵雨~中雨,东南?1-2?85,?2,,,,,
2018/8/8,29?24?雷阵雨~?东北?1-2?45,?1,,,,,,
2018/8/9,30?24?多云,南风,1-2?49,?1,,,,
2018/8/10,33?25?多云~雷阵?南风,1-2?71,?2,,,,,
2018/8/11,30?23?雷阵雨~中雨,东风,1-2?60,?2,,,,
2018/8/12,30?24?雷阵?东南?1-2?74,?2,,,,,,
2018/8/13,31?24?雷阵雨~中雨,东北?1-2?62,?2,,,,,
2018/8/14,29?24?中雨~小雨,东北?1-2?42,?1,,,,,
2018/8/15,32?24?多云,东北?3-4?33,?1,,,,,
2018/8/16,30?21?晴~多云,东北?1-2?40,?1,,,,,
2018/8/17,30?22?多云~雷阵?东南?1-2?69,?2,,,,,,
2018/8/18,28?23?小雨~中雨,北风,3-4?40,?1,,,,
2018/8/19,26?23?中雨~小雨,东北?1-2?37,?1,,,,,
2018/8/20,32?23?多云~?北风,1-2?41,?1,,,,,
2018/8/21,32?22?多云,北风,1-2?38,?1,,,,
2018/8/22,28?21?雷阵雨~多云,西南?1-2?48,?1,,,,,
2018/8/23,31?21?多云,北风,1-2?43,?1,,,,
2018/8/24,30?20??北风,1-2?40,?1,,,,,
2018/8/25,31?22?多云~小雨,南风,1-2?62,?2,,,,
2018/8/26,31?22?雷阵?东南?1-2?76,?2,,,,,,
2018/8/27,30?22?多云~雷阵?东南?1-2?89,?2,,,,,,
2018/8/28,29?22?小雨~多云,南风,1-2?58,?2,,,,
2018/8/29,31?20?晴~多云,北风,3-4?44,?1,,,,
2018/8/30,29?20?多云,南风,1-2?47,?1,,,,
2018/8/31,29?20?多云~?东南?1-2?48,?1,,,,,,
2018/9/1,27?19?阴~小雨,南风,1-2?50,?1,,,,
2018/9/2,27?19?小雨~多云,南风,1-2?55,?2,,,,
2018/9/3,30?19??北风,3-4?70,?2,,,,,
2018/9/4,31?18??西南?3-4?24,?1,,,,,,
2018/9/5,31?19?晴~多云,西南?3-4?34,?1,,,,,
2018/9/6,27?18?多云~?西北?4-5?37,?1,,,,,,
2018/9/7,27?16??西北?3-4?22,?1,,,,,,
2018/9/8,27?15?多云~?北风,1-2?28,?1,,,,,
2018/9/9,28?16??西南?1-2?51,?2,,,,,,
2018/9/10,28?19?多云,南风,1-2?65,?2,,,,
2018/9/11,26?19?多云,南风,1-2?68,?2,,,,
2018/9/12,29?19?多云,南风,1-2?59,?2,,,,
2018/9/13,29?20?多云~?南风,1-2?107,轻度污染,3,,,,
2018/9/14,28?19?小雨~多云,南风,1-2?128,轻度污染,3,,,
2018/9/15,26?15?多云,北风,3-4?42,?1,,,,
2018/9/16,25?14?多云~?北风,1-2?29,?1,,,,,
2018/9/17,27?17?多云~?北风,1-2?37,?1,,,,,
2018/9/18,25?17?阴~多云,西南?1-2?50,?1,,,,,
2018/9/19,26?17?多云,南风,1-2?52,?2,,,,
2018/9/20,27?16?多云,西南?1-2?63,?2,,,,,
2018/9/21,25?14??西北?3-4?50,?1,,,,,,
2018/9/22,24?13??西北?3-4?28,?1,,,,,,
2018/9/23,23?12??西北?4-5?28,?1,,,,,,
2018/9/24,23?11??北风,1-2?28,?1,,,,,
2018/9/25,24?12?晴~多云,南风,1-2?44,?1,,,,
2018/9/26,24?14?多云,南风,1-2?53,?2,,,,
2018/9/27,22?12?小雨,南风,1-2?84,?2,,,,
2018/9/28,24?11?多云,西南?3-4?84,?2,,,,,
2018/9/29,22?11??北风,3-4?21,?1,,,,,
2018/9/30,19?13?多云,西北?4-5?22,?1,,,,,
2018/10/1,24?12??北风,4-5?25,?1,,,,,
2018/10/2,24?11??西北?1-2?31,?1,,,,,,
2018/10/3,25?10??北风,1-2?36,?1,,,,,
2018/10/4,25?12??南风,1-2?65,?2,,,,,
2018/10/5,24?14?多云,南风,1-2?105,轻度污染,3,,,
2018/10/6,20?8??北风,4-5?32,?1,,,,,
2018/10/7,21?7??西风,1-2?35,?1,,,,,
2018/10/8,21?8?多云,北风,1-2?37,?1,,,,
2018/10/9,15?4?多云~?西北?4-5?21,?1,,,,,,
2018/10/10,17?4?多云~?西北?1-2?25,?1,,,,,,
2018/10/11,18?5?晴~多云,北风,1-2?30,?1,,,,
2018/10/12,20?8?多云~?南风,1-2?62,?2,,,,,
2018/10/13,20?8?多云,西北?1-2?106,轻度污染,3,,,,
2018/10/14,21?10?多云,南风,1-2?177,中度污染,4,,,
2018/10/15,17?11?小雨,北风,1-2?198,中度污染,4,,,
2018/10/16,17?7?多云~?东北?1-2?88,?2,,,,,,
2018/10/17,17?5??北风,1-2?54,?2,,,,,
2018/10/18,18?5??南风,1-2?49,?1,,,,,
2018/10/19,19?7?多云,南风,1-2?60,?2,,,,
2018/10/20,18?7?多云,南风,1-2?86,?2,,,,
2018/10/21,18?7?多云,南风,1-2?143,轻度污染,3,,,
2018/10/22,19?5?多云~?西北?1-2?176,中度污染,4,,,,,
2018/10/23,19?4??西南?3-4?37,?1,,,,,,
2018/10/24,20?6?晴~多云,南风,1-2?70,?2,,,,
2018/10/25,15?8?多云,西风,1-2?119,轻度污染,3,,,
2018/10/26,14?3??西北?4-5?46,?1,,,,,,
2018/10/27,17?5?多云,西南?1-2?33,?1,,,,,
2018/10/28,17?4?多云~?西北?4-5?32,?1,,,,,,
2018/10/29,15?3??北风,3-4?22,?1,,,,,
2018/10/30,16?1??北风,1-2?33,?1,,,,,
2018/10/31,17?3??西南?1-2?47,?1,,,,,,
2018/11/1,17?3??南风,1-2?69,?2,,,,,
2018/11/2,18?4??南风,1-2?149,轻度污染,3,,,,
2018/11/3,16?6?多云,南风,1-2?206,重度污染,5,,,
2018/11/4,10?2?小雨~多云,北风,3-4?115,轻度污染,3,,,
2018/11/5,10?2?多云,西南?1-2?30,?1,,,,,
2018/11/6,12?0?多云,北风,1-2?33,?1,,,,
2018/11/7,13?3?多云,西南?1-2?49,?1,,,,,
2018/11/8,14?2?多云,西南?1-2?90,?2,,,,,
2018/11/9,15?1?晴~多云,北风,3-4?69,?2,,,,
2018/11/10,11?0?多云,北风,1-2?35,?1,,,,
2018/11/11,13?1?多云~?西南?1-2?70,?2,,,,,,
2018/11/12,14?2??南风,1-2?124,轻度污染,3,,,,
2018/11/13,13?5?多云,东南?1-2?219,重度污染,5,,,,
2018/11/14,13?5?多云,南风,1-2?266,重度污染,5,,,
2018/11/15,8?1?小雨~多云,北风,3-4?100,?2,,,,
2018/11/16,8?-1?晴~多云,北风,1-2?28,?1,,,,
2018/11/17,9?-2?多云~?西南?1-2?66,?2,,,,,,
2018/11/18,11?-3??西北?3-4?70,?2,,,,,,
2018/11/19,10?-2?晴~多云,南风,1-2?78,?2,,,,
2018/11/20,9?-1?多云,北风,1-2?74,?2,,,,
2018/11/21,9?-3??西北?2?43,?1,,,,,,
2018/11/22,8?-3?晴~多云,东南?1?55,?2,,,,,
2018/11/23,7?0?多云,东北?2?93,?2,,,,,
2018/11/24,9?-3??西南?1?114,轻度污染,3,,,,,
2018/11/25,10?-3??东南?1?120,轻度污染,3,,,,,
2018/11/26,10?0?多云,东南?1?245,重度污染,5,,,,
2018/11/27,9?-3?晴~多云,西北?2?198,中度污染,4,,,,
2018/11/28,8?-3??东北?1?115,轻度污染,3,,,,,
2018/11/29,7?-4??东南?1?107,轻度污染,3,,,,,
2018/11/30,8?-3??东南?1?123,轻度污染,3,,,,,
2018/12/1,7?0?多云,东南?1?163,中度污染,4,,,,
2018/12/2,9?2?雾~多云,东北?1?234,重度污染,5,,,,
2018/12/3,8?-3?多云~?东北?3?198,中度污染,4,,,,,
2018/12/4,4?-6?晴~多云,西北?2?61,?2,,,,,
2018/12/5,1?-4?阴~多云,东南?1?73,?2,,,,,
2018/12/6,-2?-9??西北?3?40,?1,,,,,,
2018/12/7,-4?-10??西北?3?33,?1,,,,,,
2018/12/8,-2?-10?晴~多云,西北?2?37,?1,,,,,
2018/12/9,-1?-10?多云~?东南?1?62,?2,,,,,,
2018/12/10,1?-6?多云,东北?1?79,?2,,,,,
2018/12/11,-1?-10??西北?3?56,?2,,,,,,
2018/12/12,1?-8??西南?1?50,?1,,,,,,
2018/12/13,3?-7??西北?2?42,?1,,,,,,
2018/12/14,4?-6??东南?1?68,?2,,,,,,
2018/12/15,2?-6??东南?1?117,轻度污染,3,,,,,
2018/12/16,7?-4??西北?2?108,轻度污染,3,,,,,
2018/12/17,7?-5??西北?2?47,?1,,,,,,
2018/12/18,9?-4??西北?2?53,?2,,,,,,
2018/12/19,9?-5?晴~多云,西北?1?59,?2,,,,,
2018/12/20,6?-4??东南?1?78,?2,,,,,,
2018/12/21,10?-2?晴~多云,西北?1?98,?2,,,,,
2018/12/22,8?-6?多云,西北?2?106,轻度污染,3,,,,
2018/12/23,1?-9??西北?3?106,轻度污染,3,,,,,
2018/12/24,2?-8??西南?1?106,轻度污染,3,,,,,
2018/12/25,2?-9??东北?2?94,?2,,,,,,
2018/12/26,-2?-11?晴~多云,东北?2?26,?1,,,,,
2018/12/27,-5?-12?多云~?西北?3?48,?1,,,,,,
2018/12/28,-3?-11??西北?3?40,?1,,,,,,
2018/12/29,-3?-12??西北?2?29,?1,,,,,,
2018/12/30,-2?-11?晴~多云,东北?1?31,?1,,,,,
2018/12/31,-2?-10?多云,东北?1?56,?2,,,,,
2019/1/1,1?-10?晴~多云,西北?1?56,?2,,,,,
2019/1/2,1?-9?多云,东北?1?60,?2,,,,,
2019/1/3,2?-7??东北?1?165,中度污染,4,,,,,
2019/1/4,2?-7??西北?2?50,?1,,,,,,
2019/1/5,0?-8?多云,东北?2?29,?1,,,,,
2019/1/6,3?-7?多云,东南?1?84,?2,,,,,
2019/1/7,2?-7?多云,西北?2?61,?2,,,,,
2019/1/8,1?-10??西北?2?28,?1,,,,,,
2019/1/9,3?-9??西南?1?60,?2,,,,,,
2019/1/10,4?-7?晴~多云,西南?1?105,轻度污染,3,,,,
2019/1/11,5?-7??东北?1?133,轻度污染,3,,,,,
2019/1/12,6?-5??西南?1?229,重度污染,5,,,,,
2019/1/13,6?-7??东北?1?165,中度污染,4,,,,,
2019/1/14,6?-8?霾~?西北?2?157,中度污染,4,,,,,
2019/1/15,-2?-10??西北?3?53,?2,,,,,,
2019/1/16,2?-8??西南?1?60,?2,,,,,,
2019/1/17,5?-9??西北?1?66,?2,,,,,,
2019/1/18,6?-6?霾~多云,东北?1?92,?2,,,,,
2019/1/19,3?-6?多云,东北?2?35,?1,,,,,
2019/1/20,5?-7??西北?2?30,?1,,,,,,
2019/1/21,8?-4??西北?2?52,?2,,,,,,
2019/1/22,10?-3??西北?2?60,?2,,,,,,
2019/1/23,8?-6??东北?2?48,?1,,,,,,
2019/1/24,5?-5?多云,东北?1?78,?2,,,,,
2019/1/25,5?-6??东北?2?35,?1,,,,,,
2019/1/26,5?-5?晴~多云,东南?1?35,?1,,,,,
2019/1/27,7?-4?多云~?西北?2?95,?2,,,,,,
2019/1/28,6?-4?晴~多云,西北?1?48,?1,,,,,
2019/1/29,7?-4?多云,东南?1?138,轻度污染,3,,,,
2019/1/30,5?-7?多云,东北?3?76,?2,,,,,
2019/1/31,2?-8?多云,西北?2?25,?1,,,,,
2019/2/1,6?-5?晴~多云,西南?1?69,?2,,,,,
2019/2/2,3?-4?多云,东北?1?137,轻度污染,3,,,,
2019/2/3,8?-7?多云~?西北?2?118,轻度污染,3,,,,,
2019/2/4,4?-6?多云~?东北?1?76,?2,,,,,,
2019/2/5,5?-5?晴~?东南?2?155,中度污染,4,,,,,
2019/2/6,2?-7??东南?2?88,?2,,,,,,
2019/2/7,-2?-7?多云,东北?3?31,?1,,,,,
2019/2/8,-1?-7?多云,西南?2?42,?1,,,,,
2019/2/9,0?-8?多云,东北?2?24,?1,,,,,
2019/2/10,0?-8?多云,东南?1?38,?1,,,,,
2019/2/11,3?-6?多云,东北?2?56,?2,,,,,
2019/2/12,-3?-8?小雪~多云,东北?2?47,?1,,,,,
2019/2/13,1?-6?多云,东北?2?38,?1,,,,,
2019/2/14,-3?-6?小雪~多云,东南?2?71,?2,,,,,
2019/2/15,2?-7??西北?3?30,?1,,,,,,
2019/2/16,3?-6??西北?2?23,?1,,,,,,
2019/2/17,6?-5?晴~多云,西北?2?25,?1,,,,,
2019/2/18,4?-3??东南?1?42,?1,,,,,,
2019/2/19,7?-4?多云~?西北?2?117,轻度污染,3,,,,,
2019/2/20,9?-4??西北?1?50,?1,,,,,,
2019/2/21,11?-2?晴~多云,东南?1?119,轻度污染,3,,,,
2019/2/22,11?-2??东北?1?131,轻度污染,3,,,,,
2019/2/23,12?-2??西南?1?163,中度污染,4,,,,,
2019/2/24,13?-1?晴~多云,东北?2?112,轻度污染,3,,,,
2019/2/25,10?-2?多云,东南?1?73,?2,,,,,
2019/2/26,10?-2?多云,东南?2?71,?2,,,,,
2019/2/27,12?-2??东南?1?117,轻度污染,3,,,,,
2019/2/28,14?-1??西北?1?101,轻度污染,3,,,,,
2019/3/1,15?1?晴~多云,东北?1?152,中度污染,4,,,,
2019/3/2,15?3??西南?2?232,重度污染,5,,,,,
2019/3/3,15?2??西南?1?207,重度污染,5,,,,,
2019/3/4,16?2?多云,东北?1?138,轻度污染,3,,,,
2019/3/5,17?4?多云~?西北?3?129,轻度污染,3,,,,,
2019/3/6,11?-2??西北?3?27,?1,,,,,,
2019/3/7,13?-1??西南?2?36,?1,,,,,,
2019/3/8,13?3?多云,西南?2?82,?2,,,,,
2019/3/9,12?2?阴~多云,东北?2?109,轻度污染,3,,,,
2019/3/10,13?2?小雨~多云,东北?2?141,轻度污染,3,,,,
2019/3/11,16?1??西北?3?54,?2,,,,,,
2019/3/12,12?1??西北?3?29,?1,,,,,,
2019/3/13,16?2?多云,西北?2?31,?1,,,,,
2019/3/14,15?4?多云,西北?3?34,?1,,,,,
2019/3/15,13?0?多云,西北?3?45,?1,,,,,
2019/3/16,19?2??西北?2?55,?2,,,,,,
2019/3/17,20?4??西南?2?74,?2,,,,,,
2019/3/18,21?6?多云~?东南?1?126,轻度污染,3,,,,,
2019/3/19,25?11?多云,西南?2?172,中度污染,4,,,,
2019/3/20,17?6?小雨,西南?2?96,?2,,,,,
2019/3/21,13?0??西北?4?31,?1,,,,,,
2019/3/22,15?3??西北?3?32,?1,,,,,,
2019/3/23,12?2??西北?3?34,?1,,,,,,
2019/3/24,19?4??西南?2?69,?2,,,,,,
2019/3/25,22?5??西北?2?55,?2,,,,,,
2019/3/26,19?4??东北?2?81,?2,,,,,,
2019/3/27,21?4?多云,东北?2?104,轻度污染,3,,,,
2019/3/28,11?2?多云,东南?3?61,?2,,,,,
2019/3/29,13?4?多云~?西北?3?76,?2,,,,,,
2019/3/30,13?1??西北?4?27,?1,,,,,,
2019/3/31,16?2?多云~?西北?2?32,?1,,,,,,
2019/4/1,16?4??东南?2?37,?1,,,,,,
2019/4/2,19?3??东南?2?56,?2,,,,,,
2019/4/3,21?6??西南?2?78,?2,,,,,,
2019/4/4,28?9?多云,西北?3?105,轻度污染,3,,,,
2019/4/5,21?8?晴~多云,东南?3?203,重度污染,5,,,,
2019/4/6,20?6?多云,东北?2?135,轻度污染,3,,,,
2019/4/7,19?7?多云,东南?2?78,?2,,,,,
2019/4/8,17?4?多云~小雨,东南?2?64,?2,,,,,
2019/4/9,9?2?小雨~多云,东北?2?39,?1,,,,,
2019/4/10,18?9?多云,西北?2?41,?1,,,,,
2019/4/11,19?6?多云,西南?2?66,?2,,,,,
2019/4/12,22?9?多云,西南?3?82,?2,,,,,
2019/4/13,23?7?多云,东北?2?120,轻度污染,3,,,,
2019/4/14,23?8??西南?3?54,?2,,,,,,
2019/4/15,26?11?多云,西南?2?76,?2,,,,,
2019/4/16,26?12??东南?2?98,?2,,,,,,
2019/4/17,28?16?霾~多云,西南?3?138,轻度污染,3,,,,
2019/4/18,24?10?多云,东北?3?121,轻度污染,3,,,,
2019/4/19,17?10?多云~小雨,东南?2?62,?2,,,,,
2019/4/20,15?8?小雨~多云,东南?1?55,?2,,,,,
2019/4/21,22?8??东南?2?112,轻度污染,3,,,,,
2019/4/22,26?15?晴~多云,西南?2?129,轻度污染,3,,,,
2019/4/23,28?15?多云,东南?2?128,轻度污染,3,,,,
2019/4/24,19?9?小雨,东北?3?63,?2,,,,,
2019/4/25,18?8?多云,东北?2?29,?1,,,,,
2019/4/26,21?10?晴~多云,西南?2?35,?1,,,,,
2019/4/27,16?6?小雨~多云,西南?3?57,?2,,,,,
2019/4/28,19?9?多云,西南?2?58,?2,,,,,
2019/4/29,23?13?多云,西南?2?113,轻度污染,3,,,,
2019/4/30,24?13?多云,西北?3?94,?2,,,,,
2019/5/1,27?10??西北?2?39,?1,,,,,,
2019/5/2,29?14?晴~多云,西南?2?54,?2,,,,,
2019/5/3,28?16?多云,西南?2?79,?2,,,,,
2019/5/4,26?15?阴~小雨,西南?2?80,?2,,,,,
2019/5/5,23?10?多云~?东北?4?50,?1,,,,,,
2019/5/6,25?10??西北?2?39,?1,,,,,,
2019/5/7,28?14?晴~多云,西南?2?50,?1,,,,,
2019/5/8,25?13?多云~?西南?2?70,?2,,,,,,
2019/5/9,30?14??西北?2?64,?2,,,,,,
2019/5/10,30?14?多云,东南?2?87,?2,,,,,
2019/5/11,29?14?多云,东南?2?104,轻度污染,3,,,,
2019/5/12,26?12?雷阵雨~?西北?2?161,中度污染,4,,,,,
2019/5/13,26?12??西南?3?58,?2,,,,,,
2019/5/14,30?16?多云,东南?2?85,?2,,,,,
2019/5/15,28?16?雷阵雨~多云,西南?2?133,轻度污染,3,,,,
2019/5/16,32?17??东南?2?105,轻度污染,3,,,,,
2019/5/17,33?20?多云~?东南?2?118,轻度污染,3,,,,,
2019/5/18,29?18?阴~小雨,东南?2?56,?2,,,,,
2019/5/19,28?13?多云~?西北?4?62,?2,,,,,,
2019/5/20,26?13??西北?4?45,?1,,,,,,
2019/5/21,31?14??西北?2?40,?1,,,,,,
2019/5/22,35?18??西北?2?54,?2,,,,,,
2019/5/23,37?21??东南?2?85,?2,,,,,,
2019/5/24,35?21?多云,西南?3?88,?2,,,,,
2019/5/25,35?20?多云~雷阵?东南?2?99,?2,,,,,,
2019/5/26,24?17?中雨~多云,东北?3?59,?2,,,,,
2019/5/27,29?15??西北?3?30,?1,,,,,,
2019/5/28,32?17??西北?2?39,?1,,,,,,
2019/5/29,33?22?晴~多云,东南?2?63,?2,,,,,
2019/5/30,30?15?多云~?西北?3?52,?2,,,,,,
2019/5/31,30?19?晴~多云,西北?2?34,?1,,,,,
2019/6/1,30?18?雷阵雨~多云,东南?2?66,?2,,,,,
2019/6/2,32?19?多云,东南?2?75,?2,,,,,
2019/6/3,34?20?多云,北风,2?62,?2,,,,
2019/6/4,28?19?雷阵雨~小雨,东南?2?82,?2,,,,,
2019/6/5,31?19?多云~小雨,东南?2?69,?2,,,,,
2019/6/6,26?18?小雨~多云,东南?2?70,?2,,,,,
2019/6/7,31?21?多云~雷阵?西南?2?82,?2,,,,,,
2019/6/8,34?20?多云~?西北?2?65,?2,,,,,,
2019/6/9,31?18?多云~?东北?3?28,?1,,,,,,
2019/6/10,33?18??东北?2?61,?2,,,,,,
2019/6/11,32?20?晴~多云,东南?2?75,?2,,,,,
2019/6/12,33?22?多云~雷阵?东南?2?69,?2,,,,,,
2019/6/13,29?20?雷阵雨~?东北?2?58,?2,,,,,,
2019/6/14,35?20??东北?2?59,?2,,,,,,
2019/6/15,32?19?多云~雷阵?东南?2?56,?2,,,,,,
2019/6/16,25?18?雷阵雨~多云,东南?2?38,?1,,,,,
2019/6/17,29?20?多云,西南?2?72,?2,,,,,
2019/6/18,33?22?雷阵?西南?2?104,轻度污染,3,,,,,
2019/6/19,33?22?多云,东南?2?105,轻度污染,3,,,,
2019/6/20,36?23?多云~?东南?2?103,轻度污染,3,,,,,
2019/6/21,32?21?多云,东南?2?85,?2,,,,,
2019/6/22,34?22??西南?2?59,?2,,,,,,
2019/6/23,35?23?晴~多云,东南?2?93,?2,,,,,
2019/6/24,36?24?多云,东南?2?86,?2,,,,,
2019/6/25,36?24?多云,东南?2?98,?2,,,,,
2019/6/26,35?22?多云,东南?2?90,?2,,,,,
2019/6/27,33?23?多云~雷阵?西北?2?87,?2,,,,,,
2019/6/28,32?22?多云,西南?3?56,?2,,,,,
2019/6/29,35?23?多云,西北?3?40,?1,,,,,
2019/6/30,32?21??西北?3?27,?1,,,,,,
2019/7/1,35?23?晴~多云,东北?1?36,?1,,,,,
2019/7/2,35?23?多云~?东南?2?64,?2,,,,,,
2019/7/3,36?24??东南?1?56,?2,,,,,,
2019/7/4,38?25?晴~多云,西南?2?89,?2,,,,,
2019/7/5,33?22?雷阵?东北?2?53,?2,,,,,,
2019/7/6,26?21?雷阵雨~中雨,东北?3?23,?1,,,,,
2019/7/7,28?20?小雨~多云,东北?3?28,?1,,,,,
2019/7/8,30?22?多云,东南?2?33,?1,,,,,
2019/7/9,29?21?雷阵雨~中雨,东南?2?47,?1,,,,,
2019/7/10,28?19?雷阵雨~多云,东北?2?66,?2,,,,,
2019/7/11,29?21?多云,东南?2?51,?2,,,,,
2019/7/12,33?22?多云~?西南?1?62,?2,,,,,,
2019/7/13,33?23?雷阵雨~多云,东北?1?86,?2,,,,,
2019/7/14,33?23?雷阵雨~多云,东南?2?49,?1,,,,,
2019/7/15,35?24?晴~多云,东南?2?94,?2,,,,,
2019/7/16,33?24?多云~雷阵?东南?2?64,?2,,,,,,
2019/7/17,30?23?雷阵?东南?2?67,?2,,,,,,
2019/7/18,32?24?阴~多云,东南?2?89,?2,,,,,
2019/7/19,33?25?多云~雷阵?东南?2?81,?2,,,,,,
2019/7/20,30?24?雷阵雨~多云,东南?2?80,?2,,,,,
2019/7/21,36?27?晴~多云,西南?2?102,轻度污染,3,,,,
2019/7/22,35?25?多云~中雨,西南?2?106,轻度污染,3,,,,
2019/7/23,34?25??西南?2?58,?2,,,,,,
2019/7/24,36?27?多云~雷阵?西南?2?64,?2,,,,,,
2019/7/25,35?26?多云~?西南?2?66,?2,,,,,,
2019/7/26,37?27??西南?2?73,?2,,,,,,
2019/7/27,36?27?多云,东南?2?133,轻度污染,3,,,,
2019/7/28,35?26?多云~雷阵?东南?2?77,?2,,,,,,
2019/7/29,29?23?中雨~多云,东北?2?30,?1,,,,,
2019/7/30,34?24?多云~?西南?2?54,?2,,,,,,
2019/7/31,35?24?晴~多云,东北?2?62,?2,,,,,
2019/8/1,32?24?中雨~雷阵?东南?2?74,?2,,,,,,
2019/8/2,30?24?雷阵雨~小雨,东南?2?53,?2,,,,,
2019/8/3,31?24??东南?2?62,?2,,,,,,
2019/8/4,29?23?雷阵?东南?1?54,?2,,,,,,
2019/8/5,28?24?中雨~雷阵?东南?2?48,?1,,,,,,
2019/8/6,30?24?雷阵?东南?2?61,?2,,,,,,
2019/8/7,29?23?雷阵?东南?2?39,?1,,,,,,
2019/8/8,32?25?多云~雷阵?东南?2?53,?2,,,,,,
2019/8/9,30?23?雷阵雨~中雨,西南?2?65,?2,,,,,
2019/8/10,29?23?雷阵?东南?2?32,?1,,,,,,
2019/8/11,28?24?中雨~小雨,东北?2?30,?1,,,,,
2019/8/12,30?23?中雨~小雨,东北?3?22,?1,,,,,
2019/8/13,31?22?阴~多云,西北?2?20,?1,,,,,
2019/8/14,32?21?多云~?东南?2?32,?1,,,,,,
2019/8/15,32?22?雷阵雨~中雨,西南?2?49,?1,,,,,
2019/8/16,31?22??西北?3?27,?1,,,,,,
2019/8/17,31?19??西北?3?26,?1,,,,,,
2019/8/18,31?21??西南?2?42,?1,,,,,,
2019/8/19,31?22?多云,西南?2?75,?2,,,,,
2019/8/20,27?19?小雨~多云,东南?2?71,?2,,,,,
2019/8/21,31?21??西北?2?46,?1,,,,,,
2019/8/22,32?20?晴~多云,西北?2?34,?1,,,,,
2019/8/23,30?19?多云,西北?2?33,?1,,,,,
2019/8/24,30?18??西南?2?50,?1,,,,,,
2019/8/25,30?20?晴~多云,西南?2?53,?2,,,,,
2019/8/26,29?19?多云,西南?2?94,?2,,,,,
2019/8/27,33?20??西北?2?58,?2,,,,,,
2019/8/28,31?20?多云~?西北?3?26,?1,,,,,,
2019/8/29,30?20?多云~?西北?3?21,?1,,,,,,
2019/8/30,30?18??西北?2?25,?1,,,,,,
2019/8/31,32?18??东南?2?42,?1,,,,,,
2019/9/1,33?19?多云~?西南?2?56,?2,,,,,,
2019/9/2,34?20??南风,2?67,?2,,,,,
2019/9/3,33?20??东南?2?88,?2,,,,,,
2019/9/4,32?19??东南?2?91,?2,,,,,,
2019/9/5,33?20??东南?2?82,?2,,,,,,
2019/9/6,33?20??东南?1?86,?2,,,,,,
2019/9/7,34?21??西南?2?90,?2,,,,,,
2019/9/8,35?22?晴~多云,东北?2?71,?2,,,,,
2019/9/9,32?21?小雨,东北?2?97,?2,,,,,
2019/9/10,25?18?小雨~?东北?2?22,?1,,,,,,
2019/9/11,24?18?多云,西南?2?26,?1,,,,,
2019/9/12,25?18?阴~中雨,西南?2?31,?1,,,,,
2019/9/13,26?18?小雨~多云,西北?2?42,?1,,,,,
2019/9/14,29?17?晴~多云,西南?2?29,?1,,,,,
2019/9/15,28?17?多云,西南?2?51,?2,,,,,
2019/9/16,26?17?多云,东南?2?43,?1,,,,,
2019/9/17,28?16?多云~?西南?2?55,?2,,,,,,
2019/9/18,24?14?晴~多云,东南?2?26,?1,,,,,
2019/9/19,25?16?多云~?西南?1?56,?2,,,,,,
2019/9/20,27?16?多云,西北?1?61,?2,,,,,
2019/9/21,27?16?多云~?东北?2?88,?2,,,,,,
2019/9/22,27?16??东南?1?116,轻度污染,3,,,,,
2019/9/23,30?17??西北?2?58,?2,,,,,,
2019/9/24,31?15??东北?2?38,?1,,,,,,
2019/9/25,31?16??西南?2?54,?2,,,,,,
2019/9/26,30?15??东南?1?64,?2,,,,,,
2019/9/27,29?15??东南?2?79,?2,,,,,,
2019/9/28,30?17??西南?1?84,?2,,,,,,
2019/9/29,29?18?多云,东南?1?95,?2,,,,,
2019/9/30,30?19?多云~?西南?2?104,轻度污染,3,,,,,
2019/10/1,30?20?多云,西南?2?84,?2,,,,,
2019/10/2,29?17?晴~多云,东南?2?74,?2,,,,,
2019/10/3,29?13?多云~小雨,东南?2?86,?2,,,,,
2019/10/4,15?9?小雨~?东南?2?34,?1,,,,,,
2019/10/5,19?9?晴~多云,东北?2?17,?1,,,,,
2019/10/6,19?9?多云,西南?2?34,?1,,,,,
2019/10/7,24?10??西北?2?64,?2,,,,,,
2019/10/8,20?9??西北?3?26,?1,,,,,,
2019/10/9,22?11?多云,西南?2?55,?2,,,,,
2019/10/10,22?12?多云,东南?2?63,?2,,,,,
2019/10/11,18?13?阴~多云,东南?2?62,?2,,,,,
2019/10/12,18?9?多云~小雨,东南?2?59,?2,,,,,
2019/10/13,12?5?小雨~多云,东南?2?52,?2,,,,,
2019/10/14,16?4??西北?2?22,?1,,,,,,
2019/10/15,17?6?晴~多云,西南?1?35,?1,,,,,
2019/10/16,15?9?阴~小雨,西南?2?48,?1,,,,,
2019/10/17,14?7?小雨~多云,东南?1?80,?2,,,,,
2019/10/18,18?7?多云,西南?1?83,?2,,,,,
2019/10/19,20?10?多云,西南?1?165,中度污染,4,,,,
2019/10/20,22?7??西北?3?148,轻度污染,3,,,,,
2019/10/21,19?6??东南?2?45,?1,,,,,,
2019/10/22,20?7??东北?1?77,?2,,,,,,
2019/10/23,21?11?多云,东北?1?104,轻度污染,3,,,,
2019/10/24,16?7?小雨~多云,西北?2?108,轻度污染,3,,,,
2019/10/25,14?2??西北?3?17,?1,,,,,,
2019/10/26,16?3??西南?2?45,?1,,,,,,
2019/10/27,18?5?晴~多云,西南?1?69,?2,,,,,
2019/10/28,15?2??西北?4?128,轻度污染,3,,,,,
2019/10/29,16?3??西南?1?64,?2,,,,,,
2019/10/30,20?5??西南?1?83,?2,,,,,,
2019/10/31,22?4??东北?2?70,?2,,,,,,
2019/11/1,18?8?多云~小雨,东南?2?65,?2,,,,,
2019/11/2,13?8?小雨,东北?1?53,?2,,,,,
2019/11/3,14?4?多云~?东南?2?53,?2,,,,,,
2019/11/4,16?5??西南?1?70,?2,,,,,,
2019/11/5,16?6?晴~多云,东南?2?76,?2,,,,,
2019/11/6,16?5?多云~?东南?1?66,?2,,,,,,
2019/11/7,12?1??东南?2?53,?2,,,,,,
2019/11/8,15?2?晴~多云,西北?1?65,?2,,,,,
2019/11/9,14?6?多云~中雨,东北?1?109,轻度污染,3,,,,
2019/11/10,17?6?多云~?西北?4?90,?2,,,,,,
2019/11/11,16?4??西北?2?48,?1,,,,,,
2019/11/12,18?5?多云,西北?1?80,?2,,,,,
2019/11/13,8?-4??西北?4?51,?2,,,,,,
2019/11/14,10?-2??东南?1?51,?2,,,,,,
2019/11/15,9?1??东南?2?64,?2,,,,,,
2019/11/16,9?4?多云~小雨,东南?2?65,?2,,,,,
2019/11/17,12?-4?多云~?西北?3?158,中度污染,4,,,,,
2019/11/18,4?-5??西北?3?77,?2,,,,,,
2019/11/19,7?-3?多云,西南?2?56,?2,,,,,
2019/11/20,7?-2??东北?1?89,?2,,,,,,
2019/11/21,9?-1?晴~多云,东北?1?115,轻度污染,3,,,,
2019/11/22,10?2?多云~?东北?1?178,中度污染,4,,,,,
2019/11/23,12?4?阴~多云,西北?2?190,中度污染,4,,,,
2019/11/24,6?-5??西北?4?30,?1,,,,,,
2019/11/25,3?-5??西南?2?27,?1,,,,,,
2019/11/26,5?-4??西北?1?64,?2,,,,,,
2019/11/27,4?-6??东北?2?26,?1,,,,,,
2019/11/28,3?-5?晴~多云,东北?1?59,?2,,,,,
2019/11/29,3?-4?小雪,东南?1?76,?2,,,,,
2019/11/30,5?-5?多云~?西北?2?74,?2,,,,,,
2019/12/1,4?-5??西北?2?32,?1,,,,,,
2019/12/2,4?-5??西南?2?25,?1,,,,,,
2019/12/3,7?-4??西北?2?45,?1,,,,,,
2019/12/4,8?-5??西北?2?30,?1,,,,,,
2019/12/5,2?-6??东北?2?37,?1,,,,,,
2019/12/6,4?-5??西北?1?73,?2,,,,,,
2019/12/7,6?-6?晴~多云,东北?1?66,?2,,,,,
2019/12/8,5?-5?多云,东北?1?181,中度污染,4,,,,
2019/12/9,3?-5?霾~?西北?1?224,重度污染,5,,,,,
2019/12/10,9?-3?雾~?西北?3?148,轻度污染,3,,,,,
2019/12/11,4?-6??西北?3?27,?1,,,,,,
2019/12/12,5?-5??西北?1?35,?1,,,,,,
2019/12/13,10?-5??西北?2?48,?1,,,,,,
2019/12/14,5?-3?晴~多云,东北?1?24,?1,,,,,
2019/12/15,3?-2?多云~中雪,东北?1?67,?2,,,,,
2019/12/16,2?-4?小雪~多云,东北?1?91,?2,,,,,
2019/12/17,6?-7??西北?3?25,?1,,,,,,
2019/12/18,2?-6??东北?1?26,?1,,,,,,
2019/12/19,2?-9??西北?3?27,?1,,,,,,
2019/12/20,3?-7??东北?1?33,?1,,,,,,
2019/12/21,4?-6?多云,东北?1?63,?2,,,,,
2019/12/22,5?-5?多云~?东北?1?90,?2,,,,,,
2019/12/23,3?-4?多云~?东北?2?59,?2,,,,,,
2019/12/24,1?-6?小雪~多云,东南?1?110,轻度污染,3,,,,
2019/12/25,5?-6?多云,东北?2?85,?2,,,,,
2019/12/26,4?-7?多云~?西北?2?41,?1,,,,,,
2019/12/27,4?-6??东北?1?69,?2,,,,,,
2019/12/28,3?-7?晴~多云,东北?1?100,?2,,,,,
2019/12/29,5?-7?多云~?西北?3?133,轻度污染,3,,,,,
2019/12/30,-5?-12??西北?4?37,?1,,,,,,
2019/12/31,-3?-10??西北?1?36,?1,,,,,,
